task_id,tripwire_id,parameterized,actionable,calibrated,notes
a1,tw_auth_post_status,1,1,1,Concrete endpoint and status codes; hint ties auth retry to dependent worker steps; global critical scope is defensible.
a1,tw_auth_token_field,1,1,1,Concrete token field path; hint specifies updating s1 extraction and propagation; global critical scope fits shared token dependency.
a1,tw_worker_auth_rejected,1,1,1,Concrete auth rejection statuses and service URL pattern; hint targets fresh token and header format; global critical scope fits shared bearer-token failure.
a1,tw_inventory_list_status,1,1,1,Concrete endpoint and status codes; hint blocks per-SKU s2 calls until resolved; local critical scope fits inventory enumeration.
a1,tw_inventory_sku_count,1,1,1,Concrete expected count of 6; hint reconciles SKU list before s5; warning local scope is defensible for an integrity anomaly.
a1,tw_inventory_item_schema,1,1,1,Concrete field path and endpoint pattern; hint remaps s2 extraction before s5; warning local scope is defensible for schema drift.
a1,tw_pricing_status,1,1,1,Concrete pricing endpoint and status codes; hint gives alternate endpoint move for s3; local critical scope fits blocked pricing work.
a1,tw_pricing_unit_price_absent,1,1,1,Concrete unit_price field path; hint remaps s3 extraction before s5; warning local scope is defensible for schema drift.
a1,tw_pricing_currency_usd,1,1,1,Concrete USD regex and currency field; hint adds conversion in s3; warning local scope fits recoverable normalization.
a1,tw_shipping_status,1,1,1,Concrete shipping endpoint and status codes; hint enumerates destination zones for s4; local critical scope fits blocked shipping work.
a1,tw_shipping_schema,1,1,1,Concrete rate field path and endpoint pattern; hint remaps s4 extraction before s5; warning local scope is defensible for schema drift.
a1,tw_tool_order_auth_first,1,1,1,Concrete required ordering relation; hint halts workers until s1 completes; global critical scope fits cross-worker auth sequencing.
b1,tw_s1_settings_has_old_key,1,1,1,Concrete file path and literal old key; hint skips or re-derives s1 write; local critical scope fits invalid settings-migration premise.
b1,tw_s1_settings_put_ok,1,1,1,Concrete PUT path and error statuses; hint re-fetches and reapplies the rename; local critical scope fits failed settings write.
b1,tw_s1_value_preserved,1,1,1,Concrete new key and value-preservation check; hint restores from pre-PUT output; local critical scope fits corrupt settings migration.
b1,tw_s2_file_list_ok,1,1,1,Concrete repo listing endpoint and status codes; hint halts s2 without authoritative paths; local critical scope fits annotation sweep dependency.
b1,tw_s2_src_annotation_present,1,1,1,Concrete annotation literal and src path class; hint marks s2 no-op if genuinely absent; warning local scope is defensible.
b1,tw_s2_src_put_ok,1,1,1,Concrete src PUT path pattern and status codes; hint retries the specific failed file; local critical scope fits failed source rewrite.
b1,tw_s3_readme_exists,1,1,1,Concrete README path and 404 status; hint skips optional README update; warning local scope is calibrated.
b1,tw_order_s1_s2_before_validate,1,1,1,Concrete order constraint between PUTs and validate; hint halts s3 until writes complete; global critical scope fits validation gate ordering.
b1,tw_s3_validate_200,1,1,1,Concrete validate endpoint and status codes; hint re-verifies prior writes before retry; local critical scope fits failed validation call.
b1,tw_s3_validate_schema,1,1,1,Concrete status field; hint updates s4 aggregation field references; local critical scope fits blocked gate interpretation.
b1,tw_s4_validate_passed,1,1,1,Concrete passed regex on status; hint replans failed step based on check report; local critical scope fits failed completion gate.
b1,tw_s4_checks_run_nonzero,1,1,0,Concrete checks_run zero regex and actionable hint; warning understates a required non-vacuous validation gate for s4 completion.
c1,tw_auth_token_http,1,1,1,Concrete auth endpoint and status codes; hint replans token acquisition before docs calls; global critical scope fits all workers.
c1,tw_auth_token_field,1,1,1,Concrete access_token field; hint updates all worker extraction logic; global critical scope fits shared auth schema drift.
c1,tw_docs_bearer_rejected,1,1,1,Concrete docs URL pattern and auth statuses; hint targets token scope and X-Worker-Id header; global critical scope fits docs access.
c1,tw_passage_pol_returns,1,1,1,Concrete passage id and status codes; hint updates s1 GET target before aggregation; local critical scope fits missing returns source.
c1,tw_passage_ops_warehouses,1,1,1,Concrete passage id and status codes; hint updates s2 GET target before aggregation; local critical scope fits missing warehouse source.
c1,tw_passage_ven_terms,1,1,1,Concrete passage id and status codes; hint updates s3 GET target before aggregation; local critical scope fits missing vendor source.
c1,tw_passage_content_field,1,1,1,Concrete content field and passage URL pattern; hint updates extraction in s1-s3; global warning scope is defensible for shared schema drift.
c1,tw_validate_http_error,1,1,1,Concrete validate endpoint and status codes; hint fixes title/body/citations in s4; local critical scope fits blocked validation.
c1,tw_validate_not_passed,1,1,1,Concrete passed=false regex; hint blocks packaging and replans s4 deficiencies; local critical scope fits failed gate.
c1,tw_validate_passed_field,1,1,1,Concrete passed field; hint updates s4 branch condition before packaging; warning local scope is defensible for schema drift.
c1,tw_package_conflict,1,1,1,Concrete package endpoint and error statuses; hint validates identical payload before retry; local critical scope fits packaging gate failure.
c1,tw_package_id_field,1,1,1,Concrete package_id field; hint remaps final output assembly; warning local scope is defensible for response schema drift.
d1,tw_auth_token,1,1,1,Concrete auth endpoint and status codes; hint retries before protected calls in s1-s3; global critical scope fits shared auth prerequisite.
d1,tw_auth_token_field,1,1,1,Concrete token field path; hint updates bearer-header extraction across s1-s3; global critical scope fits shared token extraction.
d1,tw_inventory_items_http,1,1,1,Concrete inventory endpoint and status codes; hint retries list before detail calls; local critical scope fits s1 enumeration.
d1,tw_sku_schema,1,1,1,Concrete warehouse field path and item endpoint pattern; hint remaps s1 body template; warning local scope is defensible for schema drift.
d1,tw_passage_ops_http,1,1,1,Concrete ops passage id and status codes; hint verifies id and auth in s2; local critical scope fits missing grounding passage.
d1,tw_passage_pricing_http,1,1,1,Concrete pricing passage id and status codes; hint verifies id and auth in s2; local critical scope fits missing grounding passage.
d1,tw_validate_schema,1,1,1,Concrete status field and validate endpoint; hint updates gate-check references; local critical scope fits blocked validation interpretation.
d1,tw_validate_checks_zero,1,1,0,Concrete checks_run zero regex and actionable hint; warning understates a required nonzero gate condition before packaging.
d1,tw_validate_not_passed,1,1,1,"Concrete non-passed status regex; hint fixes body length, SKU coverage, and citations; local critical scope fits failed gate."
d1,tw_package_order,1,1,1,Concrete validate-before-package order constraint; hint re-executes s3 before s4; local critical scope fits gated packaging.
d1,tw_package_conflict,1,1,1,Concrete package endpoint and 409 status; hint revalidates identical payload; local critical scope fits skipped or mismatched gate.
d1,tw_package_id_absent,1,1,1,Concrete package_id field; hint inspects response keys before s5 output; local critical scope fits missing required final identifier.
